2021.03.08.,,
315,207,,
M-4,tail light,2,1.65
Pro-7,bell forpro,1,2.50
M-12A,8.5 inch inner tube,10,1.50
M-12B,10 inch inner tube,2,1.65
M-13A,8.5inch outter tire,4,2.20
M-14B,Semi-vocuumb solid tire,2,4.50
M-13B,10inch outter tire,2,3.00
M-17E,screws for handle bar front fork tube,8,0.50
M-17C,screws for rear wheel,2,0.80
M-24,Stander,1,2.00
M-29B,Silicone cover  for rear folder hook,10,0.20
M-36,Font & rear wheel screw position plastic cover,4,1.50
M-37,Rear Fender + hook,4,1.60
M-37C,Rear fender short ducktail,2,2.90
M-38,Front Feder,2,1.00
M-38B,Red front fender and rear fender,2,2.60
M-38D,Rear fender+hook+license plate Pro 2 and 1S,2,2.40
M-41,Front wheel decorative reflector,8,0.50
M-43A,Silicone Foot mat,1,2.00
M-44,Rubber Handle bar pair,2,2.00
M-47,cable rubber cap,8,0.60
PRO-48,Charging port rubber cap for M365 Pro,3,1.20
M-50,rear fender rubber screw cap,6,0.15
M-51,Briquetting waterproof ring,2,0.30
M-55,Cross tube silicone,2,0.30
M-57,"Vibration damper 3pcs 0.6/ 0.8/1.2mm",10,0.90
M-58,Dashboard Waterproof Silicone Cover,10,0.90
T-3,carry strap,1,2.20
T-5B,Plastic phone mount for M365,1,1.90
T-5E,360 adjustable phone holder ,10,2.50
T-5F,Metal Phone holder for M365,1,7.50
T-6,Disc lock for M365,10,1.40
T-6B,"Waterproof Alarm Disc lock",5,7.25
T-6C,Cable lock(Black/Blue/Pink/yellow/green),15,2.90
T-7A,hanger,2,1.50
T-7B,Hanger with double carriers,1,1.75
T-8A,Storage bag,1,5.10
T-8B,Waterproof storage bag with night light,1,5.60
T-8C,WILD MAN waterproof storage bag 2L,1,6.30
T-8D,WILD MAN waterproof storage bag 3L,1,7.00
T-8G,Storage bag 8L,1,8.80
T-13B,KIT REPLACEMENT TOOL,2,6.50
T-14,Handle carry strap,1,1.95
T-18A,extented tube inflator,1,0.70
T-19,Tire air pump,2,4.20
T-20A,Rear fender bracket,2,0.70
T-21,Bumper Protective Scooter Body Strips Sticker Tape,2,1.10
T-21B,Electroplate bumper Protective Scooter Body Strips Sticker Tape (4M),2,1.50
T-22,"Fender & Kickstand reinforcement block for M365 /PRO scooter DIY 10inch tire",2,2.40
T-25A,Waterproof LED light for scooters / bikes,3,3.60
T-25D,Warning rear deck flashlight for scooter ,2,3.00
T-25E,Warning flashlight for scooter,15,1.30
T-26,Extension handlebar for scooters / bikes,3,3.70
T-29,M365 Scooter Front and Rear Fender Mud Retaining,2,0.80
T-31,MIJIA portable pump,2,30.00
T-37,Handlebar Mount Coffee Drinks Cup Holder Bracket Aluminum For Handlebar Rack,1,2.60
T-38A,Full finger riding gloves,2,4.50